Item (General Name),Actual Name,Unit Price,Quantity,Total Price,URL
Drone Goggles ,Walksnail Avatar HD Goggles L Only,$199.99,1,$199.99,https://www.caddxfpv.com/products/walksnail-avatar-hd-goggles-l-only
Camera/Antena/VTX,Walksnail Avatar HD Pro Kit (Dual),$169.00,1,$169.00,https://www.caddxfpv.com/products/walksnail-avatar-hd-pro-kit-dual-antenna
4 Propellers,HQ Prop Ethix S5 Light Grey (2CW+2CCW)-Poly Carbonate,$3.49,3,$10.47,https://www.readymaderc.com/products/details/hq-prop-ethix-s5-cinematic-propeller?srsltid=AfmBOoqpS3iFBhneicRLO4TDucw7YhVlbW31C4zBvQTBZfkv_Lk7zFUf
4 Motors,XING2 2207 1855KV 3-6S / 2755KV 3-5S Brushless FPV Motor for IFlight with 5mm Titanium Alloy Shaft for 5.1inch Propeller RC FPV Drones (4pcs 2207 1855kv),$77.30,1,$77.30,https://www.amazon.com/Brushless-IFlight-Titanium-5-1inch-Propeller/dp/B0DG8QN6KY?th=1
FC+ESC Stack,Speedybee F405 V4 Stack BLS 55A 4-in-1 ESC&FC RC iNAV Betaflight Configure Bluetooth 3-6S FPV 5-8 inch frame Drone parts,$68.33,1,$68.33,https://www.aliexpress.us/item/3256808521625736.html?src=google&gatewayAdapt=glo2usa
.5 Kg Nylon-CF,Fiberon™ PA6-CF20,$39.99,0 (already own),0,https://shop.polymaker.com/products/fiberon-pa6-cf20?variant=43596329287737&country=US&currency=USD&utm_medium=product_sync&utm_source=google&utm_content=sag_organic&utm_campaign=sag_organic&srsltid=AfmBOooEZCT3cZew6KhSpcgE2PYBhO1RJA13VqBT6cZQ7D1P8CfT1LHNWk4
.75 Kg of TPU,PolyFlex™ TPU95,$29.99,0 (already own),0,https://shop.polymaker.com/products/polyflex-tpu95?srsltid=AfmBOooIXCCPv5QnSXqfcX7JN4BNmuMQ1Yl41v6gLJdskUztjPoAhvwX&variant=39574341681209
Controller,Pocket Radio Controller (M2),$71.50,1,$71.50,https://radiomasterrc.com/products/pocket-radio-controller-m2
Reciever,RP1 V2 ExpressLRS 2.4ghz Nano Receiver,$18.99,1,$18.99,https://radiomasterrc.com/products/rp1-expresslrs-2-4ghz-nano-receiver
Battery x4,Ovonic 6S 1300mAh 100C 22.2V LiPo Battery with XT60 Plug for 5-6 Inch FPV Freestyle Drone ,$59.99,1,$59.99,https://us.ovonicshop.com/products/ovonic-100c-1300mah-6s1p-22-2v-xt60-4pcs-lipo-battery?variant=51020794462488
Battery Strap,"Kevlar Fly High FPV Lipo Strap for 5"" quads 250mm",$5.00,2,$10.00,https://flyhighfpv.com/products/kevlar-lipo-straps?variant=42428394307773&country=US&currency=USD&utm_medium=product_sync&utm_source=google&utm_content=sag_organic&utm_campaign=sag_organic&srsltid=AfmBOoozHgXdM-2HsTUz3gc6ptbjEY6biMFLwh__Q4-PYUZQDaH1XgXkZz4
Batteries for Controller,Molicel M35A 18650 3500mAh 10A Battery,$6.99,2,$13.98,https://18650battery.com/products/molicel-m35a-18650-3500mah-10a-battery?variant=48752348758326&country=US&currency=USD&utm_medium=product_sync&utm_source=google&utm_content=sag_organic&utm_campaign=sag_organic&srsltid=AfmBOorZv8jdqPARdFKoxa6n8cFLQjbUeAm_l-Q1zIckt1snm_xNVyaNk-c
Battery Charger,"608 AC Lipo Battery Charger,AC 50W/DC 200W Dual Mode RC Discharger/Charger",$64.99,1,$64.99,https://isdtshop.com/products/isdt-608ac
Standoffs,M3 Knurled Aluminum Standoff - 5Pcs.,$3.99,1,$3.99,https://pyrodrone.com/products/textured-aluminum-stand-off?variant=11572558594091&country=US&currency=USD&utm_medium=product_sync&utm_source=google&utm_content=sag_organic&utm_campaign=sag_organic&srsltid=AfmBOooPTPHT5g5ZQUPyy9x4DjfrEw1lCkZYxO78QHLouVfFCtrbZha1y6o
Solder,Rosin Core Solder 60/40 (1/2 oz),$1.40,1,$1.40,https://kingcobrahobby.com/products/miniatronics?currency=USD&country=US&variant=43144886255846&utm_source=google&utm_medium=cpc&utm_campaign=Google%20Shopping&stkn=ea97c4e6667c
Soldering Flux,"No Clean Solder Paste Flux, 10g/50g Semi-Solid Soldering Paste for Electronics, Strong Welding Power for Circuit Board Repair and Electrical Soldering，10g",$0.79,1,$0.79,https://www.walmart.com/ip/No-Clean-Solder-Paste-Flux-10g-50g-Semi-Solid-Soldering-Electronics-Strong-Welding-Power-Circuit-Board-Repair-Electrical-Soldering-10g/20183100379?wmlspartner=wlpa&selectedSellerId=102533708&veh=seo_fpl&cn=google
M2 Screws,"1110 Pcs M2 Screws Kit, M2 Machine Screws and Nuts and Washers Set, Assorted Stainless Steel Button Head Socket Cap Screws Nuts and Bolts Assortment Kit, Metric Screw Assortment, Fully Threaded",$7.99,1,$7.99,https://www.amazon.com/Machine-Assorted-Stainless-Assortment-Threaded/dp/B0DFWXRM21/ref=sr_1_6?crid=1GXVALRONUM18&dib=eyJ2IjoiMSJ9.9MKH52xEgkhvxWvrcwomxN83eqYR-qU1F_Ja9XeYUG_Xism4gona_L3lOORlTWuQV_0NYz9kzVXQRMQNuIvg9L3Ok4CKaVRWlKhzjjyD8KcYZPMCHJ54dHmyFaUykZggFGT4SMHoULPzlX8EcnHD8_BY1scuwf4iq_WVMVKIXz9KvVK6VUXLglkPos-ZsyXA3Dobc_6AA_4q-X1QwZ9Je1rUK7Rn0CP7YHXzDXsf_7U.h3IKDORbn6Y323_xNZh6MqikQcMu27PtbVfCpaStzWw&dib_tag=se&keywords=m2%2Bscrews%2Bkit&qid=1786056041&sprefix=m2%2Bscrews%2Bki%2Caps%2C199&sr=8-6&th=1
M3 Screw,22 (9mm)   This kit has everything you will need. ,$9.99,0 (already own),$0.00,https://www.amazon.com/Fgruh-750PCS-Assortment-Washers-Assorted/dp/B0FGV5FCBN/ref=sr_1_1_sspa?dib=eyJ2IjoiMSJ9.cPekTjkEYdRojQiPp36UKxqAViaYHg5gpFhvGb9vVmgRTZ7zPrv3HTeB06e-VuRSe35XU5I3bJ4X8FVqyLkdsUP_JjbRtJ9zYBwwIAWMxVUyO5zFMhYjLjAaJArrVvw8MZdkURHXdJ0CnYPgB1PGOfBEOSj-d_2Cl4qOGnYwSBIaSITUQTbJPL3qzYJ8bEp8vuiqfOJ5srvQYxwkrrBs5Qwi1Ov6NL-W-LeVlo_G0MA.uRsazJbvwNeUAl4nvOGAoA_cDQMtObw39Mqt9p1BFWk&dib_tag=se&hvadid=694496494502&hvdev=c&hvexpln=67&hvlocphy=9029746&hvnetw=g&hvocijid=10495880964745057321--&hvqmt=e&hvrand=10495880964745057321&hvtargid=kwd-336502747652&hydadcr=289_1015151249&keywords=m3+screws+kit&mcid=bae9efb87b0337498e99803211597c4f&qid=1786055672&sr=8-1-spons&sp_csd=d2lkZ2V0TmFtZT1zcF9hdGY&psc=1
Battery Pad,Ummagrip Battery Pad - TBS Edition,$4.99,1,$4.99,https://www.team-blacksheep.com/products/prod:ummag_tbsedition?srsltid=AfmBOoqnrBrm0EfL2f8LfQvsgv3h7cxKNtvhawZJBrjYnoVQ6Q2B3T42drU
4 to 6 pin wire,Walksnail VTX Connecting FC Cable,$2.99,1,$2.99,https://www.caddxfpv.com/products/walksnail-vtx-connecting-fc-cable
Smoke Stopper,JHEMCU Smoke Stopper 1-6S XT60 / XT30 Resettable In-Line Fuse Short Circuit Protection,$4.99,1,$4.99,https://speedyfpv.com/products/jhemcu-rc-smoke-stopper?variant=44895842533590&country=US&currency=USD&utm_medium=product_sync&utm_source=google&utm_content=sag_organic&utm_campaign=sag_organic&srsltid=AfmBOopXqfHqlgRT92eYcT7In0hEbdKI5Wk4CQXIehU2209j-tDrPTdHX6U